"DSSPacc","DSSPss","NetSurfP_alpha","NetSurfP_asa","NetSurfP_beta","NetSurfP_coil","NetSurfP_exp","NetSurfP_rsa","STRIDEarea","STRIDEss","ClassLabel"
100.0,"-",0.003,117.909,0.003,0.994,"E",0.85,101.8,"T",0
47.0,"B",0.018,44.229,0.019,0.964,"E",0.562,46.7,"B",0
123.0,"S",0.018,140.315,0.019,0.964,"E",0.657,123.3,"T",0
130.0,"-",0.058,49.126,0.017,0.925,"B",0.268,128.9,"T",0
15.0,"-",0.058,87.723,0.017,0.925,"E",0.618,13.9,"C",1
46.0,"-",0.058,19.185,0.017,0.925,"B",0.135,46.9,"T",1
97.0,"T",0.339,14.65,0.016,0.645,"B",0.125,96.4,"T",1
129.0,"T",0.923,106.213,0.002,0.076,"E",0.595,129.1,"T",1
17.0,"T",0.923,42.273,0.002,0.076,"E",0.384,18.6,"T",0
1.0,"T",0.97,4.495,0.001,0.029,"B",0.024,0.6,"H",1
58.0,"H",0.97,46.793,0.001,0.029,"E",0.262,57.7,"H",1
64.0,"H",0.988,76.632,0.0,0.012,"E",0.532,63.7,"H",1
6.0,"H",0.97,12.993,0.001,0.029,"B",0.118,5.9,"H",1
0.0,"H",0.97,7.855,0.001,0.029,"B",0.043,0.2,"H",1
78.0,"H",0.97,98.078,0.001,0.029,"E",0.477,78.4,"H",1
129.0,"H",0.859,133.931,0.002,0.139,"E",0.651,129.6,"H",1
91.0,"H",0.6,67.674,0.003,0.397,"E",0.37,90.5,"H",1
55.0,"S",0.109,25.131,0.005,0.886,"B",0.118,54.6,"T",1
87.0,"T",0.016,51.964,0.005,0.979,"E",0.366,87.1,"T",1
63.0,"T",0.016,99.186,0.005,0.979,"E",0.677,64.7,"T",1
0.0,"-",0.018,19.23,0.019,0.964,"B",0.174,0.5,"E",1
68.0,"E",0.018,97.284,0.019,0.964,"E",0.701,67.6,"E",1
86.0,"E",0.018,54.902,0.047,0.935,"E",0.498,85.8,"E",1
33.0,"E",0.02,37.888,0.205,0.775,"B",0.205,32.2,"E",1
65.0,"E",0.022,110.769,0.552,0.426,"E",0.538,69.2,"E",1
23.0,"B",0.021,30.423,0.756,0.223,"B",0.127,22.6,"E",1
43.0,"-",0.021,71.749,0.756,0.223,"E",0.411,42.9,"E",1
98.0,"B",0.021,75.012,0.452,0.528,"E",0.42,97.7,"E",1
82.0,"-",0.02,122.391,0.205,0.775,"E",0.595,80.5,"T",0
51.0,"S",0.005,47.267,0.045,0.951,"E",0.601,51.4,"T",1
136.0,"S",0.004,63.939,0.197,0.799,"E",0.416,136.9,"T",1
46.0,"S",0.002,21.776,0.816,0.182,"B",0.102,45.4,"T",1
18.0,"E",0.001,14.895,0.959,0.04,"B",0.07,20.2,"E",1
0.0,"E",0.001,11.343,0.959,0.04,"B",0.074,0.2,"E",1
0.0,"E",0.001,2.568,0.959,0.04,"B",0.023,0.0,"E",1
30.0,"E",0.001,27.61,0.959,0.04,"B",0.192,31.0,"E",1
2.0,"E",0.001,4.507,0.959,0.04,"B",0.032,2.1,"E",1
71.0,"E",0.001,66.564,0.9,0.099,"E",0.373,70.9,"E",1
6.0,"E",0.004,28.288,0.42,0.576,"B",0.257,6.1,"E",1
104.0,"T",0.005,99.17,0.045,0.951,"E",0.688,103.9,"T",1
48.0,"T",0.005,46.756,0.015,0.979,"E",0.594,48.6,"T",1
109.0,"E",0.004,84.478,0.42,0.576,"E",0.369,107.7,"E",1
99.0,"E",0.003,77.217,0.718,0.279,"E",0.442,95.5,"E",1
12.0,"E",0.002,40.523,0.816,0.182,"B",0.197,10.6,"E",1
36.0,"E",0.001,47.99,0.9,0.099,"B",0.275,33.7,"E",1
0.0,"E",0.001,5.502,0.9,0.099,"B",0.036,0.0,"E",1
11.0,"E",0.001,48.846,0.959,0.04,"B",0.203,11.0,"E",1
0.0,"E",0.001,11.721,0.9,0.099,"B",0.058,0.6,"E",1
37.0,"-",0.004,24.9,0.263,0.733,"B",0.173,36.8,"T",1
82.0,"S",0.005,75.84,0.045,0.951,"E",0.688,82.4,"T",1
95.0,"S",0.005,104.31,0.015,0.979,"E",0.713,96.3,"T",1
38.0,"S",0.004,15.737,0.197,0.799,"B",0.143,37.7,"T",1
94.0,"-",0.002,63.113,0.816,0.182,"E",0.431,94.1,"C",1
62.0,"E",0.006,20.034,0.962,0.032,"B",0.083,61.3,"E",1
22.0,"E",0.006,46.947,0.962,0.032,"E",0.256,22.0,"E",1
0.0,"E",0.006,50.965,0.962,0.032,"B",0.255,0.0,"E",1
2.0,"E",0.011,24.897,0.918,0.071,"B",0.179,1.8,"E",1
38.0,"E",0.018,74.754,0.846,0.136,"E",0.428,39.5,"E",1
33.0,"E",0.079,50.112,0.592,0.329,"E",0.361,33.3,"E",1
71.0,"E",0.135,50.436,0.317,0.548,"B",0.289,71.5,"E",1
25.0,"-",0.307,22.1,0.165,0.527,"B",0.121,26.0,"T",1
62.0,"-",0.268,63.684,0.043,0.689,"E",0.435,62.7,"T",1
67.0,"S",0.268,44.993,0.043,0.689,"E",0.384,67.2,"T",1
76.0,"T",0.339,37.407,0.016,0.645,"B",0.202,74.2,"T",1
133.0,"T",0.339,81.574,0.016,0.645,"E",0.557,131.5,"T",1
57.0,"S",0.321,78.866,0.003,0.675,"E",0.539,59.1,"T",1
21.0,"S",0.321,10.363,0.003,0.675,"B",0.057,21.6,"T",1
34.0,"-",0.406,15.254,0.004,0.591,"B",0.107,34.5,"C",1
102.0,"H",0.923,77.179,0.002,0.076,"E",0.544,99.6,"H",1
37.0,"H",0.97,23.737,0.001,0.029,"B",0.215,38.7,"H",1
0.0,"H",0.97,2.89,0.001,0.029,"B",0.019,0.6,"H",1
47.0,"H",0.97,48.027,0.001,0.029,"E",0.262,46.7,"H",1
79.0,"H",0.97,71.333,0.001,0.029,"E",0.514,80.1,"H",1
26.0,"H",0.923,7.45,0.002,0.076,"B",0.068,24.6,"H",1
11.0,"H",0.859,20.11,0.002,0.139,"B",0.1,10.8,"H",1
81.0,"H",0.782,111.316,0.003,0.215,"E",0.556,85.2,"H",1
161.0,"T",0.43,100.225,0.016,0.555,"E",0.574,158.3,"H",1
27.0,"T",0.257,44.102,0.016,0.727,"E",0.376,25.8,"T",1
95.0,"T",0.181,67.73,0.017,0.803,"E",0.578,94.5,"T",1
34.0,"T",0.058,33.765,0.017,0.925,"B",0.158,34.5,"T",1
88.0,"T",0.018,71.37,0.019,0.964,"E",0.487,86.6,"T",1
96.0,"T",0.018,100.24,0.019,0.964,"E",0.685,94.9,"T",1
34.0,"S",0.021,31.265,0.279,0.699,"B",0.13,34.1,"T",1
106.0,"E",0.024,66.306,0.655,0.322,"E",0.431,107.9,"E",1
48.0,"E",0.021,15.8,0.756,0.223,"B",0.103,46.9,"E",1
76.0,"E",0.021,81.849,0.756,0.223,"E",0.568,77.4,"E",1
68.0,"E",0.024,66.171,0.655,0.322,"E",0.459,67.9,"E",1
3.0,"E",0.021,11.942,0.756,0.223,"B",0.078,2.0,"E",1
13.0,"E",0.011,65.584,0.918,0.071,"E",0.427,12.8,"E",1
34.0,"E",0.011,48.766,0.918,0.071,"B",0.264,35.3,"E",1
0.0,"E",0.011,21.002,0.918,0.071,"B",0.115,0.8,"E",1
66.0,"E",0.011,50.75,0.918,0.071,"E",0.29,64.7,"E",1
15.0,"-",0.004,50.69,0.616,0.381,"B",0.237,15.7,"T",1
12.0,"T",0.004,53.17,0.138,0.858,"E",0.375,12.0,"T",1
141.0,"T",0.005,112.582,0.045,0.951,"E",0.769,140.8,"T",1
85.0,"S",0.004,80.24,0.085,0.91,"E",0.459,86.5,"T",1
87.0,"-",0.004,45.522,0.336,0.66,"E",0.321,84.9,"C",0
40.0,"-",0.002,36.379,0.816,0.182,"E",0.31,39.3,"C",0
14.0,"E",0.001,17.865,0.9,0.099,"B",0.129,14.4,"E",1
4.0,"E",0.001,21.558,0.959,0.04,"B",0.123,4.0,"E",1
17.0,"E",0.001,12.263,0.959,0.04,"B",0.061,16.6,"E",1
4.0,"E",0.001,12.496,0.959,0.04,"B",0.081,3.8,"E",1
14.0,"E",0.001,8.023,0.959,0.04,"B",0.052,14.2,"E",0
0.0,"E",0.001,39.696,0.959,0.04,"E",0.286,0.2,"E",0
31.0,"E",0.001,22.84,0.9,0.099,"B",0.149,30.8,"E",0
51.0,"E",0.004,98.985,0.514,0.481,"E",0.567,49.7,"E",0
177.0,"T",0.004,120.805,0.085,0.91,"E",0.676,176.1,"T",0
57.0,"T",0.005,49.069,0.015,0.979,"E",0.624,55.9,"T",1
105.0,"E",0.004,119.738,0.336,0.66,"E",0.582,106.5,"E",0
84.0,"E",0.002,115.171,0.816,0.182,"E",0.56,85.7,"E",1
5.0,"E",0.001,24.746,0.9,0.099,"B",0.161,5.4,"E",1
4.0,"E",0.001,43.835,0.9,0.099,"E",0.304,4.6,"E",1
0.0,"E",0.001,10.473,0.959,0.04,"B",0.057,0.6,"E",1
13.0,"E",0.001,45.518,0.959,0.04,"B",0.213,13.4,"E",1
2.0,"E",0.001,14.872,0.959,0.04,"B",0.074,1.8,"E",1
28.0,"E",0.004,22.573,0.42,0.576,"B",0.193,28.1,"E",1
95.0,"T",0.004,118.918,0.085,0.91,"E",0.681,98.3,"T",1
73.0,"T",0.005,55.672,0.015,0.979,"E",0.707,71.7,"T",1
15.0,"T",0.005,11.632,0.045,0.951,"B",0.148,15.6,"T",1
33.0,"E",0.004,35.053,0.514,0.481,"E",0.445,33.0,"E",1
88.0,"E",0.001,30.138,0.9,0.099,"B",0.165,89.4,"E",1
94.0,"E",0.011,31.383,0.918,0.071,"B",0.171,94.7,"E",1
100.0,"E",0.011,63.192,0.918,0.071,"E",0.347,99.5,"E",1
81.0,"E",0.018,81.742,0.846,0.136,"E",0.468,81.2,"E",1
53.0,"E",0.018,63.026,0.846,0.136,"E",0.306,52.3,"E",0
119.0,"E",0.021,75.451,0.756,0.223,"E",0.524,120.1,"E",1
39.0,"-",0.021,27.774,0.452,0.528,"B",0.181,40.6,"C",1
78.0,"-",0.02,48.628,0.205,0.775,"E",0.351,78.5,"T",0
160.0,"S",0.052,92.627,0.084,0.864,"E",0.633,159.5,"T",0
75.0,"S",0.053,44.733,0.043,0.903,"E",0.568,75.4,"T",0
53.0,"-",0.116,71.647,0.016,0.868,"E",0.497,51.3,"T",0
26.0,"-",0.116,80.379,0.016,0.868,"E",0.558,25.4,"C",0
36.0,"-",0.053,82.027,0.043,0.903,"E",0.591,35.9,"C",0
32.0,"-",0.052,55.552,0.084,0.864,"E",0.305,33.0,"C",0
107.0,"-",0.018,61.712,0.047,0.935,"B",0.257,106.6,"T",0
111.0,"-",0.018,48.587,0.047,0.935,"E",0.342,110.3,"T",0
97.0,"-",0.018,140.102,0.019,0.964,"E",0.612,97.3,"T",0
183.0,"-",0.003,93.834,0.003,0.994,"E",0.611,182.2,"C",0
