"ClassLabel","DSSPacc","DSSPss","NetSurfP_alpha","NetSurfP_asa","NetSurfP_beta","NetSurfP_coil","NetSurfP_exp","NetSurfP_rsa","STRIDEarea","STRIDEss"
0,99.0,"-",0.003,71.153,0.003,0.994,"E",0.904,99.0,"C"
0,139.0,"-",0.018,160.382,0.019,0.964,"E",0.75,139.1,"C"
0,65.0,"-",0.018,62.858,0.019,0.964,"E",0.343,64.7,"C"
1,101.0,"-",0.058,89.056,0.017,0.925,"E",0.628,101.9,"C"
1,23.0,"-",0.176,24.52,0.004,0.82,"B",0.173,23.7,"T"
1,57.0,"-",0.406,14.146,0.004,0.591,"B",0.121,56.8,"T"
1,147.0,"T",0.923,106.231,0.002,0.076,"E",0.595,147.8,"T"
1,51.0,"H",0.923,41.303,0.002,0.076,"E",0.375,49.6,"H"
1,2.0,"H",0.97,4.736,0.001,0.029,"B",0.026,2.2,"H"
1,45.0,"H",0.97,47.168,0.001,0.029,"E",0.264,45.1,"H"
1,93.0,"H",0.97,76.359,0.001,0.029,"E",0.53,92.7,"H"
1,11.0,"H",0.97,12.761,0.001,0.029,"B",0.116,9.7,"H"
1,1.0,"H",0.97,7.928,0.001,0.029,"B",0.043,1.0,"H"
1,93.0,"H",0.6,67.143,0.003,0.397,"E",0.367,93.5,"H"
1,43.0,"S",0.109,25.174,0.005,0.886,"B",0.118,41.1,"T"
1,79.0,"T",0.016,52.361,0.005,0.979,"E",0.369,79.4,"T"
1,79.0,"T",0.016,99.259,0.005,0.979,"E",0.678,80.4,"T"
1,0.0,"-",0.018,19.164,0.019,0.964,"B",0.174,0.8,"T"
1,77.0,"E",0.018,97.201,0.047,0.935,"E",0.701,76.7,"E"
1,69.0,"E",0.018,55.1,0.047,0.935,"E",0.5,67.3,"E"
1,25.0,"E",0.02,37.758,0.205,0.775,"B",0.204,26.1,"E"
1,61.0,"-",0.021,30.616,0.756,0.223,"B",0.127,62.9,"E"
1,40.0,"-",0.021,72.151,0.756,0.223,"E",0.413,38.7,"E"
1,84.0,"B",0.021,72.351,0.452,0.528,"E",0.405,84.3,"E"
1,47.0,"S",0.005,47.377,0.045,0.951,"E",0.602,48.2,"T"
1,138.0,"S",0.004,63.201,0.197,0.799,"E",0.411,138.2,"T"
1,46.0,"S",0.002,20.921,0.816,0.182,"B",0.098,47.6,"T"
1,50.0,"E",0.001,15.044,0.959,0.04,"B",0.07,47.9,"E"
1,1.0,"E",0.001,10.928,0.959,0.04,"B",0.071,0.6,"E"
1,4.0,"E",0.001,2.634,0.959,0.04,"B",0.024,3.8,"E"
1,39.0,"E",0.001,27.408,0.959,0.04,"B",0.19,39.6,"E"
1,11.0,"E",0.001,4.535,0.959,0.04,"B",0.032,11.8,"E"
1,80.0,"E",0.001,66.511,0.9,0.099,"E",0.372,80.8,"E"
1,2.0,"E",0.004,28.41,0.42,0.576,"B",0.258,2.0,"E"
1,111.0,"T",0.005,98.953,0.045,0.951,"E",0.687,110.0,"T"
1,50.0,"T",0.005,46.724,0.015,0.979,"E",0.594,49.7,"T"
1,51.0,"E",0.004,84.776,0.42,0.576,"E",0.37,49.9,"E"
1,134.0,"E",0.003,77.794,0.718,0.279,"E",0.445,131.7,"E"
1,29.0,"E",0.001,47.676,0.9,0.099,"B",0.273,30.4,"E"
1,0.0,"E",0.001,5.41,0.9,0.099,"B",0.035,0.0,"E"
1,13.0,"E",0.001,48.365,0.959,0.04,"B",0.201,12.6,"E"
1,0.0,"E",0.001,11.48,0.9,0.099,"B",0.057,0.2,"E"
1,51.0,"-",0.004,24.699,0.263,0.733,"B",0.171,49.9,"T"
1,74.0,"T",0.005,75.134,0.045,0.951,"E",0.682,73.0,"T"
1,107.0,"T",0.005,103.812,0.015,0.979,"E",0.709,107.1,"T"
1,17.0,"-",0.004,15.737,0.197,0.799,"B",0.143,16.4,"T"
1,107.0,"-",0.002,62.542,0.816,0.182,"E",0.427,105.1,"C"
1,66.0,"E",0.006,19.24,0.962,0.032,"B",0.08,65.5,"E"
1,14.0,"E",0.006,45.793,0.962,0.032,"E",0.25,14.4,"E"
1,0.0,"E",0.006,50.365,0.962,0.032,"B",0.252,0.0,"E"
1,0.0,"E",0.011,24.619,0.918,0.071,"B",0.177,0.4,"E"
1,41.0,"E",0.018,74.911,0.846,0.136,"E",0.429,40.5,"E"
1,6.0,"E",0.079,49.613,0.592,0.329,"E",0.358,7.1,"E"
1,71.0,"-",0.135,48.899,0.317,0.548,"B",0.28,72.6,"T"
1,92.0,"S",0.307,21.166,0.165,0.527,"B",0.116,92.1,"T"
0,18.0,"-",0.268,63.801,0.043,0.689,"E",0.436,17.2,"T"
1,44.0,"-",0.353,44.196,0.048,0.598,"E",0.377,45.2,"T"
1,39.0,"T",0.339,36.501,0.016,0.645,"B",0.197,38.1,"T"
1,151.0,"T",0.339,81.369,0.016,0.645,"E",0.556,149.2,"T"
1,68.0,"T",0.321,79.276,0.003,0.675,"E",0.541,66.2,"T"
1,11.0,"S",0.321,10.345,0.003,0.675,"B",0.057,10.7,"T"
1,28.0,"-",0.406,15.183,0.004,0.591,"B",0.107,26.5,"C"
1,96.0,"H",0.923,77.194,0.002,0.076,"E",0.544,94.6,"H"
1,32.0,"H",0.97,23.748,0.001,0.029,"B",0.215,32.7,"H"
1,0.0,"H",0.97,2.89,0.001,0.029,"B",0.019,0.2,"H"
1,54.0,"H",0.97,48.009,0.001,0.029,"E",0.262,54.1,"H"
1,81.0,"H",0.97,71.389,0.001,0.029,"E",0.515,82.9,"H"
1,27.0,"H",0.923,7.461,0.002,0.076,"B",0.068,27.5,"H"
1,3.0,"H",0.859,19.909,0.002,0.139,"B",0.099,2.8,"H"
1,91.0,"H",0.782,110.735,0.003,0.215,"E",0.553,90.9,"H"
1,163.0,"T",0.43,99.859,0.016,0.555,"E",0.572,163.5,"H"
1,28.0,"S",0.257,44.114,0.016,0.727,"E",0.376,26.5,"T"
1,88.0,"T",0.181,67.378,0.017,0.803,"E",0.575,86.9,"T"
1,50.0,"T",0.058,33.38,0.017,0.925,"B",0.156,48.7,"T"
1,67.0,"T",0.018,73.683,0.019,0.964,"E",0.503,66.6,"T"
1,104.0,"T",0.018,100.269,0.019,0.964,"E",0.685,103.1,"T"
1,23.0,"S",0.021,31.049,0.279,0.699,"B",0.129,23.1,"T"
1,66.0,"-",0.024,66.368,0.655,0.322,"E",0.432,64.8,"E"
1,47.0,"-",0.021,15.431,0.756,0.223,"B",0.1,48.2,"E"
1,69.0,"-",0.021,81.849,0.756,0.223,"E",0.568,70.3,"E"
1,78.0,"E",0.024,65.81,0.655,0.322,"E",0.457,78.4,"E"
1,7.0,"E",0.021,11.497,0.756,0.223,"B",0.075,7.0,"E"
1,7.0,"E",0.011,64.846,0.918,0.071,"E",0.422,7.4,"E"
1,20.0,"E",0.006,48.396,0.962,0.032,"B",0.262,19.2,"E"
1,3.0,"E",0.006,20.928,0.962,0.032,"B",0.114,3.6,"E"
1,36.0,"E",0.011,49.493,0.918,0.071,"E",0.283,36.7,"E"
1,12.0,"-",0.003,51.694,0.718,0.279,"B",0.242,11.7,"T"
1,20.0,"T",0.004,52.134,0.138,0.858,"E",0.367,19.2,"T"
1,147.0,"T",0.005,112.772,0.045,0.951,"E",0.77,146.5,"T"
1,90.0,"S",0.004,84.747,0.085,0.91,"E",0.485,90.0,"T"
0,84.0,"-",0.004,47.437,0.336,0.66,"E",0.334,82.5,"C"
1,33.0,"E",0.002,36.52,0.816,0.182,"E",0.312,33.7,"E"
1,33.0,"E",0.001,18.614,0.959,0.04,"B",0.134,32.3,"E"
1,1.0,"E",0.001,21.645,0.959,0.04,"B",0.124,1.0,"E"
0,22.0,"E",0.001,12.463,0.959,0.04,"B",0.062,22.6,"E"
1,2.0,"E",0.001,12.772,0.959,0.04,"B",0.083,1.6,"E"
0,12.0,"E",0.001,8.146,0.959,0.04,"B",0.053,11.8,"E"
0,0.0,"E",0.001,40.473,0.959,0.04,"E",0.292,0.0,"E"
0,22.0,"E",0.001,24.7,0.9,0.099,"B",0.161,21.0,"E"
0,71.0,"E",0.004,98.845,0.616,0.381,"E",0.566,68.5,"T"
0,163.0,"T",0.004,120.841,0.085,0.91,"E",0.677,161.6,"T"
1,57.0,"T",0.005,49.479,0.015,0.979,"E",0.629,56.8,"T"
1,13.0,"E",0.001,25.161,0.9,0.099,"B",0.164,13.2,"E"
1,0.0,"E",0.001,46.919,0.9,0.099,"E",0.326,0.2,"E"
1,3.0,"E",0.001,10.309,0.959,0.04,"B",0.056,2.4,"E"
1,12.0,"E",0.001,46.993,0.959,0.04,"B",0.22,13.2,"E"
1,2.0,"E",0.001,15.093,0.959,0.04,"B",0.075,1.6,"E"
1,38.0,"E",0.004,23.006,0.42,0.576,"B",0.196,38.3,"E"
1,94.0,"T",0.004,118.918,0.085,0.91,"E",0.681,94.0,"T"
1,75.0,"T",0.018,55.562,0.019,0.964,"E",0.706,75.4,"T"
1,15.0,"T",0.018,11.522,0.047,0.935,"B",0.146,14.5,"T"
1,34.0,"E",0.004,34.966,0.514,0.481,"E",0.444,32.1,"E"
1,106.0,"E",0.001,29.479,0.9,0.099,"B",0.161,105.9,"E"
1,100.0,"E",0.011,30.889,0.918,0.071,"B",0.169,100.1,"E"
1,97.0,"E",0.011,63.137,0.918,0.071,"E",0.347,98.8,"E"
1,82.0,"E",0.018,81.795,0.846,0.136,"E",0.468,83.8,"E"
1,122.0,"-",0.021,75.58,0.756,0.223,"E",0.524,124.9,"E"
1,39.0,"-",0.021,27.574,0.452,0.528,"B",0.179,39.6,"C"
0,88.0,"-",0.064,47.99,0.216,0.721,"E",0.346,86.9,"T"
0,162.0,"S",0.052,91.998,0.084,0.864,"E",0.628,163.7,"T"
0,72.0,"S",0.053,44.647,0.043,0.903,"E",0.567,73.0,"T"
0,54.0,"-",0.116,71.747,0.016,0.868,"E",0.498,53.6,"T"
0,39.0,"-",0.116,80.61,0.016,0.868,"E",0.559,38.2,"C"
0,46.0,"-",0.053,81.916,0.043,0.903,"E",0.591,48.5,"C"
0,42.0,"-",0.052,55.461,0.084,0.864,"E",0.305,42.8,"C"
0,112.0,"-",0.018,61.736,0.047,0.935,"B",0.257,113.8,"T"
0,108.0,"-",0.018,48.587,0.047,0.935,"E",0.342,108.6,"T"
0,88.0,"-",0.018,140.079,0.019,0.964,"E",0.612,86.1,"T"
0,185.0,"-",0.003,93.834,0.003,0.994,"E",0.611,186.7,"C"
0,113.0,"-",0.003,132.068,0.003,0.994,"E",0.916,111.6,"C"
0,79.0,"E",0.058,90.697,0.017,0.925,"E",0.629,79.3,"E"
0,139.0,"E",0.181,52.986,0.017,0.803,"E",0.368,138.6,"E"
0,22.0,"-",0.176,83.47,0.004,0.82,"E",0.602,23.6,"C"
0,50.0,"-",0.176,51.682,0.004,0.82,"E",0.657,50.6,"T"
0,117.0,"S",0.116,100.695,0.016,0.868,"E",0.471,115.2,"T"
0,109.0,"S",0.058,31.841,0.017,0.925,"B",0.174,109.8,"T"
0,84.0,"S",0.053,76.172,0.043,0.903,"E",0.537,83.3,"T"
0,2.0,"S",0.116,14.814,0.016,0.868,"B",0.104,1.8,"T"
0,44.0,"T",0.43,11.884,0.016,0.555,"B",0.101,43.6,"C"
0,111.0,"T",0.923,104.338,0.002,0.076,"E",0.584,111.3,"H"
0,66.0,"H",0.923,38.868,0.002,0.076,"E",0.353,66.1,"H"
0,4.0,"H",0.97,4.625,0.001,0.029,"B",0.025,4.0,"H"
0,5.0,"H",0.97,49.311,0.001,0.029,"E",0.276,4.6,"H"
0,78.0,"H",0.97,76.661,0.001,0.029,"E",0.532,81.5,"H"
0,16.0,"H",0.97,13.643,0.001,0.029,"B",0.124,15.1,"H"
0,1.0,"H",0.97,7.855,0.001,0.029,"B",0.043,1.4,"H"
0,39.0,"T",0.6,66.777,0.003,0.397,"E",0.365,40.1,"T"
0,22.0,"S",0.109,25.131,0.005,0.886,"B",0.118,22.4,"T"
0,71.0,"-",0.016,52.319,0.005,0.979,"E",0.369,69.6,"C"
0,63.0,"-",0.016,98.205,0.005,0.979,"E",0.671,65.4,"C"
0,51.0,"-",0.018,18.183,0.019,0.964,"B",0.165,50.8,"C"
0,58.0,"-",0.018,97.367,0.047,0.935,"E",0.702,58.7,"T"
0,75.0,"S",0.018,61.481,0.047,0.935,"E",0.558,75.5,"T"
0,61.0,"E",0.018,29.452,0.141,0.84,"B",0.159,61.9,"E"
1,39.0,"E",0.024,30.351,0.655,0.322,"B",0.126,38.1,"E"
0,36.0,"E",0.024,73.339,0.655,0.322,"E",0.42,36.5,"E"
1,34.0,"E",0.021,74.512,0.452,0.528,"E",0.417,33.1,"E"
0,35.0,"E",0.004,44.946,0.085,0.91,"E",0.571,34.9,"E"
0,130.0,"T",0.004,68.888,0.197,0.799,"E",0.448,128.8,"T"
0,225.0,"T",0.002,21.904,0.816,0.182,"B",0.102,223.9,"T"
0,126.0,"E",0.001,14.681,0.959,0.04,"B",0.069,125.6,"E"
0,74.0,"E",0.001,13.756,0.959,0.04,"B",0.089,72.8,"E"
0,20.0,"E",0.001,2.722,0.959,0.04,"B",0.025,18.6,"E"
0,5.0,"E",0.001,28.085,0.959,0.04,"B",0.195,5.4,"E"
0,2.0,"E",0.001,4.563,0.959,0.04,"B",0.033,1.6,"E"
0,1.0,"E",0.001,62.349,0.9,0.099,"E",0.349,1.2,"E"
0,8.0,"E",0.004,32.013,0.514,0.481,"E",0.29,8.4,"E"
0,13.0,"-",0.005,100.178,0.045,0.951,"E",0.695,12.6,"T"
0,68.0,"T",0.005,47.692,0.015,0.979,"E",0.606,68.4,"T"
0,137.0,"T",0.004,87.478,0.42,0.576,"E",0.382,136.5,"T"
0,131.0,"-",0.003,78.353,0.718,0.279,"E",0.449,132.0,"T"
0,49.0,"E",0.001,51.012,0.9,0.099,"E",0.292,49.9,"E"
0,1.0,"E",0.001,5.748,0.9,0.099,"B",0.037,0.4,"E"
0,79.0,"E",0.001,49.11,0.959,0.04,"B",0.204,80.6,"E"
0,7.0,"E",0.001,11.48,0.9,0.099,"B",0.057,6.3,"E"
0,25.0,"E",0.004,27.927,0.263,0.733,"B",0.194,23.5,"E"
0,24.0,"T",0.004,71.454,0.085,0.91,"E",0.648,24.1,"T"
0,128.0,"T",0.005,100.548,0.015,0.979,"E",0.687,125.7,"T"
0,19.0,"S",0.004,17.896,0.138,0.858,"B",0.162,18.7,"T"
0,108.0,"-",0.003,57.945,0.718,0.279,"E",0.396,108.3,"C"
0,101.0,"E",0.011,19.432,0.918,0.071,"B",0.081,98.9,"E"
0,64.0,"E",0.006,44.768,0.962,0.032,"E",0.244,62.5,"E"
0,61.0,"E",0.011,45.643,0.918,0.071,"B",0.228,60.9,"E"
0,1.0,"E",0.011,25.659,0.918,0.071,"B",0.185,1.6,"E"
0,65.0,"E",0.018,73.601,0.846,0.136,"E",0.421,68.4,"E"
0,1.0,"-",0.024,47.352,0.655,0.322,"E",0.341,1.2,"T"
0,100.0,"T",0.069,56.218,0.386,0.545,"E",0.322,103.8,"T"
0,93.0,"T",0.199,24.755,0.152,0.649,"B",0.135,90.8,"T"
0,29.0,"S",0.191,67.725,0.086,0.723,"E",0.463,29.3,"T"
0,23.0,"-",0.268,43.774,0.043,0.689,"E",0.373,21.8,"T"
0,0.0,"G",0.339,41.144,0.016,0.645,"B",0.222,0.0,"G"
0,56.0,"G",0.339,80.169,0.016,0.645,"E",0.548,55.8,"G"
0,87.0,"G",0.246,79.158,0.004,0.75,"E",0.541,86.8,"G"
0,42.0,"S",0.321,11.316,0.003,0.675,"B",0.062,41.1,"T"
0,1.0,"S",0.406,17.255,0.004,0.591,"B",0.122,1.2,"T"
0,61.0,"T",0.923,77.279,0.002,0.076,"E",0.545,59.3,"T"
0,92.0,"T",0.97,24.608,0.001,0.029,"B",0.223,92.3,"T"
0,51.0,"T",0.97,2.843,0.001,0.029,"B",0.018,50.0,"T"
0,6.0,"S",0.97,47.954,0.001,0.029,"E",0.262,7.6,"T"
0,44.0,"-",0.97,70.293,0.001,0.029,"E",0.507,43.3,"T"
0,78.0,"H",0.923,6.876,0.002,0.076,"B",0.062,78.7,"H"
0,94.0,"H",0.859,18.183,0.002,0.139,"B",0.091,94.1,"H"
0,0.0,"H",0.717,109.575,0.014,0.269,"E",0.548,0.0,"H"
0,89.0,"H",0.43,101.903,0.016,0.555,"E",0.583,91.7,"H"
0,29.0,"H",0.257,42.192,0.016,0.727,"E",0.36,29.0,"H"
0,0.0,"H",0.181,67.742,0.017,0.803,"E",0.578,0.2,"H"
0,10.0,"H",0.116,30.474,0.016,0.868,"B",0.143,9.2,"H"
0,93.0,"H",0.058,72.175,0.017,0.925,"E",0.493,93.0,"H"
0,99.0,"T",0.018,102.7,0.019,0.964,"E",0.702,100.1,"H"
0,148.0,"T",0.018,38.36,0.141,0.84,"B",0.16,147.1,"T"
0,46.0,"-",0.022,66.706,0.552,0.426,"E",0.434,44.0,"T"
0,97.0,"T",0.021,18.275,0.756,0.223,"B",0.119,97.9,"T"
0,143.0,"T",0.024,82.8,0.655,0.322,"E",0.575,144.3,"T"
0,13.0,"-",0.024,67.367,0.655,0.322,"E",0.468,12.8,"T"
0,52.0,"-",0.021,13.848,0.756,0.223,"B",0.09,52.7,"C"
0,1.0,"E",0.018,64.216,0.846,0.136,"E",0.418,0.8,"E"
0,29.0,"E",0.011,51.282,0.918,0.071,"E",0.277,28.9,"E"
0,37.0,"E",0.011,18.621,0.918,0.071,"B",0.102,35.7,"E"
0,1.0,"E",0.011,53.72,0.918,0.071,"E",0.307,0.8,"E"
0,73.0,"E",0.021,49.108,0.756,0.223,"B",0.23,73.7,"E"
0,13.0,"-",0.004,60.96,0.138,0.858,"E",0.43,14.0,"C"
0,51.0,"-",0.005,117.486,0.015,0.979,"E",0.802,51.7,"T"
0,136.0,"T",0.005,82.72,0.045,0.951,"E",0.473,136.5,"T"
0,79.0,"T",0.004,51.964,0.197,0.799,"E",0.366,79.1,"T"
0,34.0,"-",0.003,34.621,0.718,0.279,"E",0.295,34.5,"T"
0,6.0,"E",0.001,17.851,0.9,0.099,"B",0.129,5.2,"E"
0,51.0,"E",0.001,14.465,0.959,0.04,"B",0.083,53.0,"E"
0,11.0,"E",0.001,11.119,0.959,0.04,"B",0.055,10.1,"E"
0,53.0,"E",0.001,11.174,0.959,0.04,"B",0.073,51.9,"E"
0,0.0,"E",0.001,6.932,0.959,0.04,"B",0.045,0.0,"E"
0,74.0,"T",0.001,24.12,0.959,0.04,"B",0.174,74.6,"T"
0,107.0,"T",0.001,16.968,0.959,0.04,"B",0.11,106.2,"T"
0,167.0,"S",0.004,93.692,0.616,0.381,"E",0.536,164.7,"T"
0,28.0,"-",0.004,120.108,0.085,0.91,"E",0.672,26.4,"C"
0,4.0,"E",0.005,54.437,0.015,0.979,"E",0.692,4.6,"E"
0,1.0,"E",0.001,26.775,0.9,0.099,"B",0.174,0.5,"E"
0,36.0,"-",0.001,38.287,0.9,0.099,"B",0.266,36.7,"B"
0,96.0,"T",0.001,9.613,0.959,0.04,"B",0.052,96.2,"T"
0,144.0,"T",0.001,44.642,0.959,0.04,"B",0.209,145.6,"T"
0,56.0,"-",0.001,13.467,0.959,0.04,"B",0.067,56.4,"B"
0,1.0,"S",0.004,23.229,0.514,0.481,"B",0.198,1.8,"C"
0,52.0,"-",0.004,106.27,0.085,0.91,"E",0.608,51.9,"T"
0,59.0,"S",0.005,54.815,0.015,0.979,"E",0.697,58.7,"T"
0,43.0,"S",0.004,8.657,0.085,0.91,"B",0.11,43.9,"T"
0,53.0,"T",0.004,36.997,0.616,0.381,"E",0.47,53.1,"T"
0,167.0,"T",0.001,26.916,0.9,0.099,"B",0.147,165.9,"T"
0,108.0,"S",0.001,33.69,0.9,0.099,"B",0.184,107.7,"T"
0,103.0,"-",0.001,65.484,0.9,0.099,"E",0.36,100.6,"T"
0,9.0,"-",0.011,86.476,0.918,0.071,"E",0.495,9.5,"T"
0,72.0,"E",0.003,79.817,0.718,0.279,"E",0.554,71.3,"E"
0,40.0,"E",0.022,51.028,0.359,0.619,"E",0.332,41.6,"E"
0,78.0,"E",0.018,80.391,0.047,0.935,"E",0.58,78.5,"E"
0,163.0,"-",0.003,138.612,0.003,0.994,"E",0.947,163.6,"C"
0,100.0,"-",0.003,117.909,0.003,0.994,"E",0.85,101.8,"T"
0,47.0,"B",0.018,44.229,0.019,0.964,"E",0.562,46.7,"B"
0,123.0,"S",0.018,140.315,0.019,0.964,"E",0.657,123.3,"T"
0,130.0,"-",0.058,49.126,0.017,0.925,"B",0.268,128.9,"T"
1,15.0,"-",0.058,87.723,0.017,0.925,"E",0.618,13.9,"C"
1,46.0,"-",0.058,19.185,0.017,0.925,"B",0.135,46.9,"T"
1,97.0,"T",0.339,14.65,0.016,0.645,"B",0.125,96.4,"T"
1,129.0,"T",0.923,106.213,0.002,0.076,"E",0.595,129.1,"T"
0,17.0,"T",0.923,42.273,0.002,0.076,"E",0.384,18.6,"T"
1,1.0,"T",0.97,4.495,0.001,0.029,"B",0.024,0.6,"H"
1,58.0,"H",0.97,46.793,0.001,0.029,"E",0.262,57.7,"H"
1,64.0,"H",0.988,76.632,0.0,0.012,"E",0.532,63.7,"H"
1,6.0,"H",0.97,12.993,0.001,0.029,"B",0.118,5.9,"H"
1,0.0,"H",0.97,7.855,0.001,0.029,"B",0.043,0.2,"H"
1,91.0,"H",0.6,67.674,0.003,0.397,"E",0.37,90.5,"H"
1,55.0,"S",0.109,25.131,0.005,0.886,"B",0.118,54.6,"T"
1,87.0,"T",0.016,51.964,0.005,0.979,"E",0.366,87.1,"T"
1,63.0,"T",0.016,99.186,0.005,0.979,"E",0.677,64.7,"T"
1,0.0,"-",0.018,19.23,0.019,0.964,"B",0.174,0.5,"E"
1,68.0,"E",0.018,97.284,0.019,0.964,"E",0.701,67.6,"E"
1,86.0,"E",0.018,54.902,0.047,0.935,"E",0.498,85.8,"E"
1,33.0,"E",0.02,37.888,0.205,0.775,"B",0.205,32.2,"E"
1,23.0,"B",0.021,30.423,0.756,0.223,"B",0.127,22.6,"E"
1,43.0,"-",0.021,71.749,0.756,0.223,"E",0.411,42.9,"E"
1,98.0,"B",0.021,75.012,0.452,0.528,"E",0.42,97.7,"E"
1,51.0,"S",0.005,47.267,0.045,0.951,"E",0.601,51.4,"T"
1,136.0,"S",0.004,63.939,0.197,0.799,"E",0.416,136.9,"T"
1,46.0,"S",0.002,21.776,0.816,0.182,"B",0.102,45.4,"T"
1,18.0,"E",0.001,14.895,0.959,0.04,"B",0.07,20.2,"E"
1,0.0,"E",0.001,11.343,0.959,0.04,"B",0.074,0.2,"E"
1,0.0,"E",0.001,2.568,0.959,0.04,"B",0.023,0.0,"E"
1,30.0,"E",0.001,27.61,0.959,0.04,"B",0.192,31.0,"E"
1,2.0,"E",0.001,4.507,0.959,0.04,"B",0.032,2.1,"E"
1,71.0,"E",0.001,66.564,0.9,0.099,"E",0.373,70.9,"E"
1,6.0,"E",0.004,28.288,0.42,0.576,"B",0.257,6.1,"E"
1,104.0,"T",0.005,99.17,0.045,0.951,"E",0.688,103.9,"T"
1,48.0,"T",0.005,46.756,0.015,0.979,"E",0.594,48.6,"T"
1,109.0,"E",0.004,84.478,0.42,0.576,"E",0.369,107.7,"E"
1,99.0,"E",0.003,77.217,0.718,0.279,"E",0.442,95.5,"E"
1,36.0,"E",0.001,47.99,0.9,0.099,"B",0.275,33.7,"E"
1,0.0,"E",0.001,5.502,0.9,0.099,"B",0.036,0.0,"E"
1,11.0,"E",0.001,48.846,0.959,0.04,"B",0.203,11.0,"E"
1,0.0,"E",0.001,11.721,0.9,0.099,"B",0.058,0.6,"E"
1,37.0,"-",0.004,24.9,0.263,0.733,"B",0.173,36.8,"T"
1,82.0,"S",0.005,75.84,0.045,0.951,"E",0.688,82.4,"T"
1,95.0,"S",0.005,104.31,0.015,0.979,"E",0.713,96.3,"T"
1,38.0,"S",0.004,15.737,0.197,0.799,"B",0.143,37.7,"T"
1,94.0,"-",0.002,63.113,0.816,0.182,"E",0.431,94.1,"C"
1,62.0,"E",0.006,20.034,0.962,0.032,"B",0.083,61.3,"E"
1,22.0,"E",0.006,46.947,0.962,0.032,"E",0.256,22.0,"E"
1,0.0,"E",0.006,50.965,0.962,0.032,"B",0.255,0.0,"E"
1,2.0,"E",0.011,24.897,0.918,0.071,"B",0.179,1.8,"E"
1,38.0,"E",0.018,74.754,0.846,0.136,"E",0.428,39.5,"E"
1,33.0,"E",0.079,50.112,0.592,0.329,"E",0.361,33.3,"E"
1,71.0,"E",0.135,50.436,0.317,0.548,"B",0.289,71.5,"E"
1,25.0,"-",0.307,22.1,0.165,0.527,"B",0.121,26.0,"T"
1,62.0,"-",0.268,63.684,0.043,0.689,"E",0.435,62.7,"T"
1,67.0,"S",0.268,44.993,0.043,0.689,"E",0.384,67.2,"T"
1,76.0,"T",0.339,37.407,0.016,0.645,"B",0.202,74.2,"T"
1,133.0,"T",0.339,81.574,0.016,0.645,"E",0.557,131.5,"T"
1,57.0,"S",0.321,78.866,0.003,0.675,"E",0.539,59.1,"T"
1,21.0,"S",0.321,10.363,0.003,0.675,"B",0.057,21.6,"T"
1,34.0,"-",0.406,15.254,0.004,0.591,"B",0.107,34.5,"C"
1,102.0,"H",0.923,77.179,0.002,0.076,"E",0.544,99.6,"H"
1,37.0,"H",0.97,23.737,0.001,0.029,"B",0.215,38.7,"H"
1,0.0,"H",0.97,2.89,0.001,0.029,"B",0.019,0.6,"H"
1,47.0,"H",0.97,48.027,0.001,0.029,"E",0.262,46.7,"H"
1,79.0,"H",0.97,71.333,0.001,0.029,"E",0.514,80.1,"H"
1,26.0,"H",0.923,7.45,0.002,0.076,"B",0.068,24.6,"H"
1,11.0,"H",0.859,20.11,0.002,0.139,"B",0.1,10.8,"H"
1,81.0,"H",0.782,111.316,0.003,0.215,"E",0.556,85.2,"H"
1,161.0,"T",0.43,100.225,0.016,0.555,"E",0.574,158.3,"H"
1,27.0,"T",0.257,44.102,0.016,0.727,"E",0.376,25.8,"T"
1,95.0,"T",0.181,67.73,0.017,0.803,"E",0.578,94.5,"T"
1,34.0,"T",0.058,33.765,0.017,0.925,"B",0.158,34.5,"T"
1,88.0,"T",0.018,71.37,0.019,0.964,"E",0.487,86.6,"T"
1,96.0,"T",0.018,100.24,0.019,0.964,"E",0.685,94.9,"T"
1,34.0,"S",0.021,31.265,0.279,0.699,"B",0.13,34.1,"T"
1,106.0,"E",0.024,66.306,0.655,0.322,"E",0.431,107.9,"E"
1,48.0,"E",0.021,15.8,0.756,0.223,"B",0.103,46.9,"E"
1,76.0,"E",0.021,81.849,0.756,0.223,"E",0.568,77.4,"E"
1,68.0,"E",0.024,66.171,0.655,0.322,"E",0.459,67.9,"E"
1,3.0,"E",0.021,11.942,0.756,0.223,"B",0.078,2.0,"E"
1,13.0,"E",0.011,65.584,0.918,0.071,"E",0.427,12.8,"E"
1,34.0,"E",0.011,48.766,0.918,0.071,"B",0.264,35.3,"E"
1,0.0,"E",0.011,21.002,0.918,0.071,"B",0.115,0.8,"E"
1,66.0,"E",0.011,50.75,0.918,0.071,"E",0.29,64.7,"E"
1,15.0,"-",0.004,50.69,0.616,0.381,"B",0.237,15.7,"T"
1,12.0,"T",0.004,53.17,0.138,0.858,"E",0.375,12.0,"T"
1,141.0,"T",0.005,112.582,0.045,0.951,"E",0.769,140.8,"T"
1,85.0,"S",0.004,80.24,0.085,0.91,"E",0.459,86.5,"T"
0,87.0,"-",0.004,45.522,0.336,0.66,"E",0.321,84.9,"C"
0,40.0,"-",0.002,36.379,0.816,0.182,"E",0.31,39.3,"C"
1,14.0,"E",0.001,17.865,0.9,0.099,"B",0.129,14.4,"E"
1,4.0,"E",0.001,21.558,0.959,0.04,"B",0.123,4.0,"E"
1,17.0,"E",0.001,12.263,0.959,0.04,"B",0.061,16.6,"E"
1,4.0,"E",0.001,12.496,0.959,0.04,"B",0.081,3.8,"E"
0,14.0,"E",0.001,8.023,0.959,0.04,"B",0.052,14.2,"E"
0,0.0,"E",0.001,39.696,0.959,0.04,"E",0.286,0.2,"E"
0,31.0,"E",0.001,22.84,0.9,0.099,"B",0.149,30.8,"E"
0,51.0,"E",0.004,98.985,0.514,0.481,"E",0.567,49.7,"E"
0,177.0,"T",0.004,120.805,0.085,0.91,"E",0.676,176.1,"T"
1,57.0,"T",0.005,49.069,0.015,0.979,"E",0.624,55.9,"T"
1,5.0,"E",0.001,24.746,0.9,0.099,"B",0.161,5.4,"E"
1,4.0,"E",0.001,43.835,0.9,0.099,"E",0.304,4.6,"E"
1,0.0,"E",0.001,10.473,0.959,0.04,"B",0.057,0.6,"E"
1,13.0,"E",0.001,45.518,0.959,0.04,"B",0.213,13.4,"E"
1,2.0,"E",0.001,14.872,0.959,0.04,"B",0.074,1.8,"E"
1,28.0,"E",0.004,22.573,0.42,0.576,"B",0.193,28.1,"E"
1,95.0,"T",0.004,118.918,0.085,0.91,"E",0.681,98.3,"T"
1,73.0,"T",0.005,55.672,0.015,0.979,"E",0.707,71.7,"T"
1,15.0,"T",0.005,11.632,0.045,0.951,"B",0.148,15.6,"T"
1,33.0,"E",0.004,35.053,0.514,0.481,"E",0.445,33.0,"E"
1,88.0,"E",0.001,30.138,0.9,0.099,"B",0.165,89.4,"E"
1,94.0,"E",0.011,31.383,0.918,0.071,"B",0.171,94.7,"E"
1,100.0,"E",0.011,63.192,0.918,0.071,"E",0.347,99.5,"E"
1,81.0,"E",0.018,81.742,0.846,0.136,"E",0.468,81.2,"E"
1,119.0,"E",0.021,75.451,0.756,0.223,"E",0.524,120.1,"E"
1,39.0,"-",0.021,27.774,0.452,0.528,"B",0.181,40.6,"C"
0,78.0,"-",0.02,48.628,0.205,0.775,"E",0.351,78.5,"T"
0,160.0,"S",0.052,92.627,0.084,0.864,"E",0.633,159.5,"T"
0,75.0,"S",0.053,44.733,0.043,0.903,"E",0.568,75.4,"T"
0,53.0,"-",0.116,71.647,0.016,0.868,"E",0.497,51.3,"T"
0,26.0,"-",0.116,80.379,0.016,0.868,"E",0.558,25.4,"C"
0,36.0,"-",0.053,82.027,0.043,0.903,"E",0.591,35.9,"C"
0,32.0,"-",0.052,55.552,0.084,0.864,"E",0.305,33.0,"C"
0,107.0,"-",0.018,61.712,0.047,0.935,"B",0.257,106.6,"T"
0,111.0,"-",0.018,48.587,0.047,0.935,"E",0.342,110.3,"T"
0,97.0,"-",0.018,140.102,0.019,0.964,"E",0.612,97.3,"T"
0,183.0,"-",0.003,93.834,0.003,0.994,"E",0.611,182.2,"C"
